{"count":1,"self":26.8595136,"total":29.723094099999997,"children":{"InitializeActuators":{"count":9,"self":0,"total":0,"children":null},"InitializeSensors":{"count":9,"self":0.0025835,"total":0.0025835,"children":null},"AgentSendState":{"count":1235,"self":0.52611299999999994,"total":2.0338273,"children":{"CollectObservations":{"count":11115,"self":0.0056907999999999993,"total":0.0056907999999999993,"children":null},"WriteActionMask":{"count":11115,"self":0.0139487,"total":0.0139487,"children":null},"RequestDecision":{"count":11115,"self":1.4694384999999999,"total":1.4880748,"children":{"RayPerceptionSensor.Perceive":{"count":9880,"self":0.018636299999999998,"total":0.018636299999999998,"children":null}}}}},"DecideAction":{"count":1235,"self":0.791987,"total":0.7992015,"children":{"RayPerceptionSensor.Perceive":{"count":1235,"self":0.0072144999999999996,"total":0.0072144999999999996,"children":null}}},"AgentAct":{"count":1235,"self":0.026416199999999997,"total":0.026416199999999997,"children":null},"RayPerceptionSensor.Perceive":{"count":20,"self":0.00050369999999999994,"total":0.00050369999999999994,"children":null}},"gauges":{"DodgeTheBird.CumulativeReward":{"count":23,"max":10.3201637,"min":0.189999208,"runningAverage":2.67958164,"value":0.33999908,"weightedAverage":2.70700073}},"metadata":{"timer_format_version":"0.1.0","start_time_seconds":"1765403455","unity_version":"2022.3.62f1","command_line_arguments":"C:\\Program Files\\Unity 2022.3.62f1\\Editor\\Unity.exe -projectpath D:\\Subjects\\Intro to RL\\Final Project -acceptSoftwareTermsForThisRunOnly -useHub -hubIPC -cloudEnvironment production -licensingIpc LicenseClient-Dell -hubSessionId 89ccf95a-bb9d-4511-b580-a7aa6657378c -accessToken 6BIcladVwYR6lQ8MQi5QsOMPiq7GKLIzQ-IZ-VTEl34007f","communication_protocol_version":"1.5.0","com.unity.ml-agents_version":"2.0.2","scene_name":"SampleScene","end_time_seconds":"1765403484"}}